"Mobile","Full Name","Tag Name","DOB","PosRefNum","Postal Code","Street Address","State","Country"
"623-555-0141","Timothy Chandler","Suh Dude","04/16/1973 12:00:00 AM",,"00000","428 Meadow Ln","Oconee","US"
"505-555-0116","Margot Sheppard","Suh Dude","12/25/1985 12:00:00 AM","b5ae361d998c","00000","813 Desert Willow Dr","New Troy","US"
"799-555-0121","Delilah Hubbard","Suh Dude","03/24/1973 12:00:00 AM","53d2f06b255b","00000","3017 County Road 2106","Mickewa","US"
"175-555-0184","Alistair Ferguson","Suh Dude","10/02/1980 12:00:00 AM",,"00000","5078 Little St","Euphoria","US"
"110-555-0189","Emilio Taylor","Suh Dude","02/13/1980 12:00:00 AM","07d66966fc5c","00000","7272 Judy Ln","Moosylvania","US"
"569-555-0198","Myles Hail","Suh Dude","12/11/2015 12:00:00 AM","1da234d1ac22","00000","6453 Park St","Delmarva","US"
"124-555-0149","Cataleya Ochoa","Suh Dude","01/29/1998 12:00:00 AM","1ee19bd7bc8b","00000","1791 County Road 2106","Mickewa","US"
"379-555-0157","Dawson Kane","Suh Dude","06/14/1971 12:00:00 AM",,"00000","5612 Arnold Paul Rd","Ambarino ","US"
"113-555-0114","Matthew Frye","Suh Dude","05/28/1974 12:00:00 AM",,"00000","9959 Jack St","Temperance","US"
"824-555-0142","Omari Ali","Suh Dude","02/24/2007 12:00:00 AM","1a83ebafab06","00000","4690 Dodson St","Ambarino ","US"
"310-555-0138","Leila Gaines","Suh Dude","04/12/2002 12:00:00 AM","e96bd9071269","00000","1123 County Road 3120","Liberty","US"
"153-555-0198","Evangeline Kramer","Suh Dude","02/18/1992 12:00:00 AM",,"00000","675 E Terrell St","Statesota ","US"
"399-555-0139","Naomi Glover","Suh Dude","12/30/1997 12:00:00 AM","a5bab7943258","00000","8835 Clay St","North Washington","US"
"503-555-0170","Jedidiah Fitzpatrick","Suh Dude","04/25/1999 12:00:00 AM","242dd7c9c26d","00000","1508 Ave B","New Texas","US"
"788-555-0142","Axel George","Suh Dude","07/01/1980 12:00:00 AM","7697990b1e09","00000","439 Ave B","New Troy","US"
"356-555-0108","Daniela Cox","Suh Dude","05/14/2002 12:00:00 AM","3ec4971d2aea","00000","2589 Wildwood St","Delmarva","US"
"315-555-0147","Margot Lim","Suh Dude","08/25/2016 12:00:00 AM","f8e613b9f878","00000","2074 Curry Dr","Dorado ","US"
"437-555-0109","Salvatore Scott","Suh Dude","10/11/2012 12:00:00 AM","82cd8fac7953","00000","5714 Tower St","Euphoria","US"
"739-555-0186","Everly Stout","Suh Dude","10/12/1996 12:00:00 AM","5b13c6f6f75e","00000","3107 W Tyler St","San Andreas","US"
"679-555-0154","Rene Rush","Suh Dude","11/28/2002 12:00:00 AM",,"00000","5287 Cypress Ln","Columbia","US"
"365-555-0111","Layla Vu","Suh Dude","03/08/2002 12:00:00 AM",,"00000","3406 Glen Ln","North Washington","US"
"291-555-0192","Luke Winters","Suh Dude","05/14/2005 12:00:00 AM","a5f944155556","00000","1769 Debbie Dr","Statesota ","US"
"947-555-0110","Isaiah Garrett","Suh Dude","03/28/1993 12:00:00 AM",,"00000","821 Water Crest Cir","Oconee","US"
"106-555-0141","Ryann Powell","Suh Dude","09/03/2020 12:00:00 AM","381ee57fce42","00000","1769 E Goshen St","Ambarino ","US"
"210-555-0157","Ivory Wallace","Suh Dude","08/16/2011 12:00:00 AM",,"00000","6079 E Dallas St","Alderney","US"
"587-555-0127","Marshall Delarosa","Suh Dude","06/21/1986 12:00:00 AM","5e60b9afc0a1","00000","7299 Slaughter St","Delmarva","US"
"519-555-0171","Zyon Mcclure","Suh Dude","10/30/1979 12:00:00 AM","6a7d44850605","00000","3499 Meadow Ln","Liberty","US"
"661-555-0176","Blaine Ware","Suh Dude","11/13/2009 12:00:00 AM","8d1e88eecf69","00000","8873 Slaughter St","New Hanover","US"
"267-555-0163","Brennan Alexander","Suh Dude","04/13/1971 12:00:00 AM",,"00000","2497 W Church St","Alderney","US"
"902-555-0150","Alan Wallace","Suh Dude","01/19/1972 12:00:00 AM","8b6e112342bd","00000","3452 Little St","West Dakota","US"
"140-555-0192","Deacon Ibarra","Suh Dude","11/03/1975 12:00:00 AM","c13347f152d6","00000","4355 N Trade Days Blvd","Temperance","US"
"995-555-0160","Harry Roberson","Suh Dude","07/11/2011 12:00:00 AM","1518453dbd75","00000","133 Dogwood St","Catawba","US"
"880-555-0105","Remy Holt","Suh Dude","03/28/1987 12:00:00 AM","22a4d99a3945","00000","9303 Oakwood St","Alderney","US"
"501-555-0181","Zahir Shepard","Suh Dude","02/12/1990 12:00:00 AM",,"00000","2753 Athens St","Apodidraskiana","US"
"108-555-0167","Braden Powell","Suh Dude","01/04/1970 12:00:00 AM",,"00000","9118 S Grand Saline St","New Troy","US"
"303-555-0144","Aisha Avalos","Suh Dude","08/05/2017 12:00:00 AM",,"00000","8112 County Road 4129","San Andreas","US"
"775-555-0139","Grady Strickland","Suh Dude","03/09/2007 12:00:00 AM","2d6ad0ae233c","00000","1539 Rolling Hills Dr","Ochichornia","US"
"523-555-0166","Shawn Lee","Suh Dude","08/22/2013 12:00:00 AM","df0a1d8e1499","00000","9001 Maplewood","New Texas","US"
"397-555-0183","Adelina Brady","Suh Dude","10/11/2016 12:00:00 AM",,"00000","4402 Stacey St","Ambarino ","US"
"817-555-0147","Kaylee Tang","Suh Dude","09/12/1984 12:00:00 AM","080bac083dc8","00000","6200 Tower St","New Hanover","US"
"111-555-0119","Tate Tucker","Suh Dude","09/29/1990 12:00:00 AM","21a60c06419d","00000","4649 County Road 2106","New Texas","US"
"128-555-0100","Lawrence Mcdowell","Suh Dude","12/24/2010 12:00:00 AM","82006d9b2d3b","00000","7066 Clay St","North Yankton","US"
"199-555-0111","Jeremias Hickman","Suh Dude","04/21/2011 12:00:00 AM",,"00000","5287 S Grand Saline St","Catawba","US"
"383-555-0144","Charlie Beltran","Suh Dude","05/27/2004 12:00:00 AM","5d7773b75a72","00000","6360 1st Monday Ln","Columbia","US"
"336-555-0133","Guadalupe Molina","Suh Dude","06/30/1976 12:00:00 AM","94ae2b063905","00000","3679 Meadow Ln","Moosylvania","US"
"970-555-0122","Jayceon Ross","Suh Dude","02/01/1970 12:00:00 AM","1b97b25cfd8e","00000","5326 Nichols Dr","New Delaware","US"
"303-555-0113","Arlo Hull","Suh Dude","06/22/2001 12:00:00 AM",,"00000","6517 Beard St","Temperance","US"
"245-555-0157","Everlee Bradford","Suh Dude","04/12/1994 12:00:00 AM","0515741fb9ac","00000","5065 Park St","New Hanover","US"
"591-555-0168","Laylah Hampton","Suh Dude","09/24/1979 12:00:00 AM","fd0c48765a10","00000","5448 W Park St","San Andreas","US"
"563-555-0149","Madilyn Bradshaw","Suh Dude","03/20/2002 12:00:00 AM","0be73013f2c1","00000","1424 E Terrell St","Apodidraskiana","US"
"858-555-0152","Gavin Blanchard","Suh Dude","07/29/1975 12:00:00 AM","deef15989ef9","00000","2086 N Trade Days Blvd","New Hanover","US"
"654-555-0149","Selah Magana","Suh Dude","10/18/1997 12:00:00 AM","f527e6bd9b3c","00000","254 Maplewood","Liberty","US"
"288-555-0172","Baylee Flores","Suh Dude","10/09/1990 12:00:00 AM","acf825d34aa8","00000","4268 Billy St","Michisota","US"
"780-555-0171","Malik Nielsen","Suh Dude","02/03/1970 12:00:00 AM",,"00000","4642 Park St","Mickewa","US"
"154-555-0192","Milan Perkins","Suh Dude","02/21/2010 12:00:00 AM","6d89c669c66b","00000","4192 Bentwood Cir","Apodidraskiana","US"
"655-555-0102","Quinn Boyer","Suh Dude","05/18/2009 12:00:00 AM","70eab21c2ff2","00000","4120 Kimberly Ln","Ochichornia","US"
"975-555-0165","Oscar Hendrix","Suh Dude","08/24/1989 12:00:00 AM","36acfc2df56b","00000","9351 Clay St","San Andreas","US"
"143-555-0116","Jaxton Blankenship","Suh Dude","02/29/2000 12:00:00 AM","5351182fa87d","00000","3188 Prairieville St","Lemoyne ","US"
"656-555-0106","Jamie Clayton","Suh Dude","05/12/1992 12:00:00 AM",,"00000","5786 Live Oak Rd","North Washington","US"
"490-555-0194","Raelynn Velasquez","Suh Dude","08/12/1999 12:00:00 AM","6ebfb0a23b43","00000","2558 E Tyler St","Temperance","US"
"692-555-0156","Rosalyn Stuart","Suh Dude","08/13/1998 12:00:00 AM",,"00000","275 Meadow Ln","Mickewa","US"
"514-555-0128","Alondra Walker","Suh Dude","04/23/2009 12:00:00 AM","007fd284510e","00000","233 Pacific St","Catawba","US"
"634-555-0152","Chandler Barr","Suh Dude","12/31/1981 12:00:00 AM",,"00000","1078 Ave C","Fremont","US"
"880-555-0101","Kendra Fitzgerald","Suh Dude","12/17/1978 12:00:00 AM","70b8598a1339","00000","8692 County Road 4129","Liberty","US"
"533-555-0138","Sariah Daniel","Suh Dude","10/09/1995 12:00:00 AM","0bc60f4a4c82","00000","8301 Bentwood Cir","West Dakota","US"
"465-555-0191","Alan Maldonado","Suh Dude","06/22/1980 12:00:00 AM","0e3e2bfc78c8","00000","4014 City Lake Rd","Fremont","US"
"591-555-0103","Holden Hancock","Suh Dude","04/28/1984 12:00:00 AM","1ed0d32ee2cc","00000","4952 E Church St","Alderney","US"
"105-555-0162","Harlow Pe√±a","Suh Dude","02/14/2010 12:00:00 AM","939a2813bdb0","00000","9874 Live Oak St","Catawba","US"
"341-555-0107","Vada Campos","Suh Dude","04/01/1997 12:00:00 AM","281bbed14a2c","00000","7340 S Grand Saline St","Mickewa","US"
"166-555-0103","Serena Grimes","Suh Dude","03/13/1984 12:00:00 AM",,"00000","4661 Tanglewood St","North Washington","US"
"997-555-0103","Callie Juarez","Suh Dude","03/28/2020 12:00:00 AM","ef31f2b6333e","00000","6168 Lisa Cir","North Washington","US"
"688-555-0153","Cassidy Barr","Suh Dude","07/29/1970 12:00:00 AM","848552d667fa","00000","4001 Debbie Dr","New Austin","US"
"510-555-0187","Thea Buchanan","Suh Dude","04/10/1991 12:00:00 AM","3b3832901e33","00000","6249 County Road 2130","Dorado ","US"
"218-555-0105","Briella Huber","Suh Dude","07/26/1998 12:00:00 AM",,"00000","7711 Live Oak St","Alderney","US"
"139-555-0132","Garrett Stuart","Suh Dude","10/04/2017 12:00:00 AM","4234eadf4fe5","00000","3902 Ave B","Temperance","US"
"664-555-0133","Ahmir Roman","Suh Dude","02/13/1973 12:00:00 AM","29a03b38fe0c","00000","8215 W Elm St","Columbia","US"
"277-555-0171","Amari Small","Suh Dude","11/28/2013 12:00:00 AM",,"00000","2990 W Terrell St","Keystone","US"
"285-555-0108","Kaitlyn Moreno","Suh Dude","06/28/2016 12:00:00 AM","98e1c74f63d8","00000","8030 Lakewood Dr","New Texas","US"
"184-555-0136","Alia Wall","Suh Dude","12/16/1988 12:00:00 AM",,"00000","2061 County Road 2106","Michisota","US"
"147-555-0155","Bentlee Mccarthy","Suh Dude","05/07/1984 12:00:00 AM","4aad397da77a","00000","495 Old Kaufman Rd","Dorado ","US"
"185-555-0198","Kataleya Anthony","Suh Dude","05/11/1977 12:00:00 AM","52d007834728","00000","9462 County Road 2106","New Hanover","US"
"970-555-0111","Wallace Holland","Suh Dude","02/28/1991 12:00:00 AM","8921834a7646","00000","5268 S Grand Saline St","Michisota","US"
"171-555-0159","Bruce Mathews","Suh Dude","01/24/2000 12:00:00 AM",,"00000","8584 Flea Market Rd","Fremont","US"
"460-555-0106","Kira Michael","Suh Dude","10/16/1988 12:00:00 AM","dfca4ea2d7ae","00000","8807 Towles Dr","Ochichornia","US"
"304-555-0183","Kensley Andrews","Suh Dude","11/17/1991 12:00:00 AM","5f7773b6cf85","00000","2470 Mill Creek Rd","Keystone","US"
"562-555-0112","Karla Garner","Suh Dude","01/26/1998 12:00:00 AM",,"00000","7315 County Road 2130","Euphoria","US"
"900-555-0190","Alexandra Ruiz","Suh Dude","09/20/1977 12:00:00 AM",,"00000","6654 S Trade Days Blvd","Dorado ","US"
"333-555-0129","Shepherd Marquez","Suh Dude","08/05/2010 12:00:00 AM","e4b4e979e317","00000","8864 Etheridge Rd","Oconee","US"
"198-555-0182","Aviana Hardy","Suh Dude","04/29/2004 12:00:00 AM","6fc39a4d4080","00000","6784 Rolling Hills Dr","San Andreas","US"
"925-555-0132","Mabel Combs","Suh Dude","04/08/1972 12:00:00 AM",,"00000","4855 Oakwood St","Apodidraskiana","US"
"651-555-0153","Zendaya Giles","Suh Dude","08/07/1971 12:00:00 AM","1e651130e3e5","00000","6407 Curry Dr","New Delaware","US"
"474-555-0121","Mylo Solomon","Suh Dude","07/29/2007 12:00:00 AM","b850a3fa90c5","00000","9061 W Church St","Michisota","US"
"918-555-0146","Elliott Aguilar","Suh Dude","10/16/1979 12:00:00 AM","6cc1f50eb064","00000","4326 Eubank Dr","Liberty","US"
"176-555-0109","Johanna Santiago","Suh Dude","05/11/1978 12:00:00 AM",,"00000","2136 Cherry Creek Rd","New Hanover","US"
"442-555-0189","Case Phillips","Suh Dude","03/18/1986 12:00:00 AM","37231e0277f9","00000","287 Live Oak Rd","San Andreas","US"
"521-555-0156","Magnus Fitzpatrick","Suh Dude","11/14/1979 12:00:00 AM",,"00000","318 County Road 4131","Columbia","US"
"811-555-0196","Foster Odom","Suh Dude","05/13/1994 12:00:00 AM","799b4530edea","00000","4866 Lazy U St","New Troy","US"
"585-555-0185","Emmy Elliott","Suh Dude","09/10/1999 12:00:00 AM","fa48d28134f4","00000","9534 County Road 3102","New Hanover","US"
"401-555-0197","Anakin Mccoy","Suh Dude","09/17/1982 12:00:00 AM","3e5adfe126a2","00000","4527 Granada Square","Wichita","US"
"102-555-0115","Finley Grant","Suh Dude","07/09/1972 12:00:00 AM",,"00000","9230 Denise Ln","Alderney","US"